sim,Area_ha,prop_hs
0,4030.0262659995706,0.354
0,1644.7796940000476,0.354
0,1502.1840009999933,0.354
0,982.4546939999581,0.354
0,889.9186875414849,0.354
0,406.5816030000016,0.354
0,399.6098969999314,0.354
0,380.8678021693677,0.354
0,365.29500299999415,0.354
0,322.53772299992744,0.354
0,276.9269229999736,0.354
0,275.64832299997806,0.354
0,247.7661009999752,0.354
0,238.8540009999961,0.354
0,216.69899899997714,0.354
0,205.26899900000097,0.354
0,192.30180099999905,0.354
0,191.50560299998523,0.354
0,166.31925,0.354
0,163.71,0.354
0,163.17000000000002,0.354
0,156.06,0.354
0,154.5063,0.354
0,144.6930069999218,0.354
0,143.7326980000019,0.354
0,139.94670299999714,0.354
0,139.50179899997713,0.354
0,135.1719020000104,0.354
0,134.7489009999752,0.354
0,134.25300300001055,0.354
0,129.33,0.354
0,124.30784599997924,0.354
0,121.11232400000077,0.354
0,117.61950200000108,0.354
0,117.27000000000001,0.354
0,116.09790100000501,0.354
0,111.70792400000096,0.354
0,109.64100099999905,0.354
0,108.86602499997616,0.354
0,106.65,0.354
0,103.86,0.354
0,102.13207599999905,0.354
0,93.33509900000095,0.354
0,93.33,0.354
0,91.89,0.354
0,91.39012400000095,0.354
0,88.11,0.354
0,85.95,0.354
0,83.79,0.354
0,81,0.354
0,77.91420299999751,0.354
0,77.04,0.354
0,75.59670099999904,0.354
0,75.2283019999981,0.354
0,72.29767599999933,0.354
0,70.6512,0.354
0,66.87599700000436,0.354
0,65.79,0.354
0,65.52000000000001,0.354
0,60.88342300000191,0.354
0,58.68,0.354
0,58.55974399925471,0.354
0,56.970000000000006,0.354
0,56.88,0.354
0,56.160000000000004,0.354
0,55.33290299999491,0.354
0,54.720000000000006,0.354
0,54.331124000000955,0.354
0,53.22164900000096,0.354
0,53.1816039999947,0.354
0,50.940000000000005,0.354
0,50.22,0.354
0,47.0022,0.354
0,46.896075,0.354
0,45.7022960000068,0.354
0,45.18,0.354
0,44.910000000000004,0.354
0,40.59,0.354
0,40.56700733703226,0.354
0,39.97522799999491,0.354
0,39.78,0.354
0,38.845351999996886,0.354
0,37.707000999999046,0.354
0,36,0.354
0,34.02,0.354
0,33.65820100000203,0.354
0,33.480000000000004,0.354
0,32.67,0.354
0,32.13,0.354
0,31.770000000000003,0.354
0,31.35284900000021,0.354
0,31.228800000000003,0.354
0,30.6,0.354
0,30.240000000000002,0.354
0,29.34,0.354
0,28.55767599999979,0.354
0,28.53,0.354
0,28.371000999999048,0.354
0,28.266075,0.354
0,27.990000000000002,0.354
0,26.30160099999942,0.354
0,26.19,0.354
0,26.099932445317506,0.354
0,25.02,0.354
0,24.66,0.354
0,24.21,0.354
0,24.162601999998095,0.354
0,23.310000000000002,0.354
0,23.310000000000002,0.354
0,22.32,0.354
0,22.23,0.354
0,21.537675999998303,0.354
0,21.51,0.354
0,21.330000000000002,0.354
0,21.23730200000033,0.354
0,21.019875999999048,0.354
0,20.6994,0.354
0,20.34,0.354
0,20.34,0.354
0,20.16,0.354
0,19.98,0.354
0,19.62,0.354
0,18.630000000000003,0.354
0,18.54,0.354
0,18.4722,0.354
0,18.36,0.354
0,18.245700999998302,0.354
0,18.09,0.354
0,17.64,0.354
0,17.46,0.354
0,16.830000000000002,0.354
0,16.604400000002048,0.354
0,16.560000000000002,0.354
0,16.470000000000002,0.354
0,16.02,0.354
0,15.930000000000001,0.354
0,15.75,0.354
0,15.57,0.354
0,15.57,0.354
0,15.48,0.354
0,15.21,0.354
0,15.030000000000001,0.354
0,14.49,0.354
0,14.22,0.354
0,14.040000000000001,0.354
0,13.950000000000001,0.354
0,13.770000000000001,0.354
0,13.680000000000001,0.354
0,13.23,0.354
0,12.96,0.354
0,12.780000000000001,0.354
0,12.690000000000001,0.354
0,12.51,0.354
0,12.51,0.354
0,12.51,0.354
0,12.33,0.354
0,11.790000000000001,0.354
0,11.790000000000001,0.354
0,11.610000000000001,0.354
0,11.43,0.354
0,11.25,0.354
0,11.25,0.354
0,11.16,0.354
0,10.89,0.354
0,10.89,0.354
0,10.530000000000001,0.354
0,10.440000000000001,0.354
0,10.35,0.354
0,10.26,0.354
0,10.26,0.354
0,10.26,0.354
0,9.99,0.354
0,9.540000000000001,0.354
0,9.540000000000001,0.354
0,9.540000000000001,0.354
0,9.450000000000001,0.354
0,9.360000000000001,0.354
0,9.360000000000001,0.354
0,9.27,0.354
0,9.18,0.354
0,9.18,0.354
0,9.059649357022568,0.354
0,9,0.354
0,9,0.354
0,8.91,0.354
0,8.64,0.354
0,8.55,0.354
0,8.370000000000001,0.354
0,8.370000000000001,0.354
0,8.370000000000001,0.354
0,8.280000000000001,0.354
0,8.1,0.354
0,8.01,0.354
0,7.74,0.354
0,7.74,0.354
0,7.65,0.354
0,7.470000000000001,0.354
0,7.380000000000001,0.354
0,7.380000000000001,0.354
0,7.29,0.354
0,7.11,0.354
0,7.02,0.354
0,7.02,0.354
0,7.02,0.354
0,6.930000000000001,0.354
0,6.66,0.354
0,6.66,0.354
0,6.57,0.354
0,6.57,0.354
0,6.48,0.354
0,6.48,0.354
0,6.390000000000001,0.354
0,6.300000000000001,0.354
0,6.21,0.354
0,6.03,0.354
0,6.03,0.354
0,5.94,0.354
0,5.850000000000001,0.354
0,5.850000000000001,0.354
0,5.850000000000001,0.354
0,5.755454080528021,0.354
0,5.67,0.354
0,5.67,0.354
0,5.58,0.354
0,5.58,0.354
0,5.49,0.354
0,5.49,0.354
0,5.4,0.354
0,5.4,0.354
0,5.31,0.354
0,5.31,0.354
0,5.31,0.354
0,5.220000000000001,0.354
0,5.220000000000001,0.354
0,5.220000000000001,0.354
0,5.220000000000001,0.354
0,5.13,0.354
0,5.13,0.354
0,5.13,0.354
0,5.13,0.354
0,5.13,0.354
0,5.04,0.354
0,5.04,0.354
0,5.04,0.354
0,5.04,0.354
0,5.04,0.354
0,4.95,0.354
0,4.95,0.354
0,4.95,0.354
0,4.95,0.354
0,4.86,0.354
0,4.86,0.354
0,4.86,0.354
0,4.77,0.354
0,4.77,0.354
0,4.77,0.354
0,4.77,0.354
0,4.680000000000001,0.354
0,4.680000000000001,0.354
0,4.5,0.354
0,4.5,0.354
0,4.5,0.354
0,4.5,0.354
0,4.5,0.354
0,4.5,0.354
0,4.41,0.354
0,4.32,0.354
0,4.32,0.354
0,4.32,0.354
0,4.23,0.354
0,4.23,0.354
0,4.23,0.354
0,4.23,0.354
0,4.23,0.354
0,4.23,0.354
0,4.23,0.354
0,4.140000000000001,0.354
0,4.05,0.354
0,4.05,0.354
0,4.05,0.354
0,4.05,0.354
0,4.05,0.354
0,3.96,0.354
0,3.96,0.354
0,3.96,0.354
0,3.96,0.354
0,3.87,0.354
0,3.87,0.354
0,3.87,0.354
0,3.87,0.354
0,3.78,0.354
0,3.78,0.354
0,3.78,0.354
0,3.78,0.354
0,3.78,0.354
0,3.69,0.354
0,3.684507501596213,0.354
0,3.6,0.354
0,3.6,0.354
0,3.6,0.354
0,3.6,0.354
0,3.6,0.354
0,3.6,0.354
0,3.51,0.354
0,3.51,0.354
0,3.51,0.354
0,3.51,0.354
0,3.51,0.354
0,3.42,0.354
0,3.42,0.354
0,3.42,0.354
0,3.42,0.354
0,3.42,0.354
0,3.42,0.354
0,3.42,0.354
0,3.33,0.354
0,3.33,0.354
0,3.33,0.354
0,3.33,0.354
0,3.24,0.354
0,3.24,0.354
0,3.24,0.354
0,3.24,0.354
0,3.24,0.354
0,3.24,0.354
0,3.24,0.354
0,3.15,0.354
0,3.15,0.354
0,3.15,0.354
0,3.15,0.354
0,3.15,0.354
0,3.06,0.354
0,3.06,0.354
0,3.06,0.354
0,3.06,0.354
0,3.06,0.354
0,3.06,0.354
0,3.06,0.354
0,3.06,0.354
0,2.97,0.354
0,2.97,0.354
0,2.97,0.354
0,2.97,0.354
0,2.97,0.354
0,2.97,0.354
0,2.88,0.354
0,2.88,0.354
0,2.88,0.354
0,2.88,0.354
0,2.88,0.354
0,2.88,0.354
0,2.88,0.354
0,2.88,0.354
0,2.88,0.354
0,2.88,0.354
0,2.79,0.354
0,2.79,0.354
0,2.79,0.354
0,2.79,0.354
0,2.79,0.354
0,2.79,0.354
0,2.79,0.354
0,2.7,0.354
0,2.7,0.354
0,2.7,0.354
0,2.7,0.354
0,2.7,0.354
0,2.7,0.354
0,2.7,0.354
0,2.7,0.354
0,2.7,0.354
0,2.7,0.354
0,2.7,0.354
0,2.61,0.354
0,2.61,0.354
0,2.61,0.354
0,2.61,0.354
0,2.52,0.354
0,2.52,0.354
0,2.52,0.354
0,2.52,0.354
0,2.52,0.354
0,2.52,0.354
0,2.52,0.354
0,2.52,0.354
0,2.52,0.354
0,2.43,0.354
0,2.43,0.354
0,2.43,0.354
0,2.43,0.354
0,2.43,0.354
0,2.43,0.354
0,2.43,0.354
0,2.34,0.354
0,2.34,0.354
0,2.34,0.354
0,2.34,0.354
0,2.34,0.354
0,2.34,0.354
0,2.34,0.354
0,2.34,0.354
0,2.34,0.354
0,2.34,0.354
0,2.34,0.354
0,2.25,0.354
0,2.25,0.354
0,2.25,0.354
0,2.25,0.354
0,2.25,0.354
0,2.25,0.354
0,2.25,0.354
0,2.25,0.354
0,2.25,0.354
0,2.16,0.354
0,2.16,0.354
0,2.16,0.354
0,2.16,0.354
0,2.16,0.354
0,2.16,0.354
0,2.16,0.354
0,2.07,0.354
0,2.07,0.354
0,2.07,0.354
0,2.07,0.354
0,2.07,0.354
0,2.07,0.354
0,2.07,0.354
0,2.07,0.354
0,2.07,0.354
0,2.07,0.354
0,2.07,0.354
0,2.07,0.354
0,2.07,0.354
0,2.07,0.354
0,2.07,0.354
0,2.07,0.354
0,2.07,0.354
0,1.98,0.354
0,1.98,0.354
0,1.98,0.354
0,1.98,0.354
0,1.98,0.354
0,1.98,0.354
0,1.98,0.354
0,1.98,0.354
0,1.98,0.354
0,1.98,0.354
0,1.98,0.354
0,1.89,0.354
0,1.89,0.354
0,1.89,0.354
0,1.89,0.354
0,1.89,0.354
0,1.89,0.354
0,1.89,0.354
0,1.89,0.354
0,1.89,0.354
0,1.89,0.354
0,1.89,0.354
0,1.89,0.354
0,1.89,0.354
0,1.89,0.354
0,1.89,0.354
0,1.89,0.354
0,1.858836070825532,0.354
0,1.8,0.354
0,1.8,0.354
0,1.8,0.354
0,1.8,0.354
0,1.8,0.354
0,1.8,0.354
0,1.8,0.354
0,1.8,0.354
0,1.71,0.354
0,1.71,0.354
0,1.71,0.354
0,1.71,0.354
0,1.71,0.354
0,1.71,0.354
0,1.71,0.354
0,1.71,0.354
0,1.71,0.354
0,1.71,0.354
0,1.71,0.354
0,1.71,0.354
0,1.71,0.354
0,1.71,0.354
0,1.71,0.354
0,1.71,0.354
0,1.71,0.354
0,1.71,0.354
0,1.71,0.354
0,1.71,0.354
0,1.62,0.354
0,1.62,0.354
0,1.62,0.354
0,1.62,0.354
0,1.62,0.354
0,1.62,0.354
0,1.62,0.354
0,1.62,0.354
0,1.62,0.354
0,1.62,0.354
0,1.62,0.354
0,1.62,0.354
0,1.62,0.354
0,1.62,0.354
0,1.62,0.354
0,1.62,0.354
0,1.62,0.354
0,1.62,0.354
0,1.62,0.354
0,1.62,0.354
0,1.62,0.354
0,1.62,0.354
0,1.617593309274316,0.354
0,1.53,0.354
0,1.53,0.354
0,1.53,0.354
0,1.53,0.354
0,1.53,0.354
0,1.53,0.354
0,1.53,0.354
0,1.53,0.354
0,1.53,0.354
0,1.53,0.354
0,1.53,0.354
0,1.53,0.354
0,1.53,0.354
0,1.53,0.354
0,1.53,0.354
0,1.53,0.354
0,1.53,0.354
0,1.53,0.354
0,1.53,0.354
0,1.53,0.354
0,1.53,0.354
0,1.44,0.354
0,1.44,0.354
0,1.44,0.354
0,1.44,0.354
0,1.44,0.354
0,1.44,0.354
0,1.44,0.354
0,1.44,0.354
0,1.44,0.354
0,1.44,0.354
0,1.44,0.354
0,1.44,0.354
0,1.44,0.354
0,1.44,0.354
0,1.44,0.354
0,1.35,0.354
0,1.35,0.354
0,1.35,0.354
0,1.35,0.354
0,1.35,0.354
0,1.35,0.354
0,1.35,0.354
0,1.35,0.354
0,1.35,0.354
0,1.35,0.354
0,1.35,0.354
0,1.35,0.354
0,1.35,0.354
0,1.35,0.354
0,1.35,0.354
0,1.35,0.354
0,1.35,0.354
0,1.35,0.354
0,1.35,0.354
0,1.35,0.354
0,1.35,0.354
0,1.35,0.354
0,1.35,0.354
0,1.35,0.354
0,1.35,0.354
0,1.35,0.354
0,1.35,0.354
0,1.35,0.354
0,1.35,0.354
0,1.35,0.354
0,1.35,0.354
0,1.35,0.354
0,1.35,0.354
0,1.26,0.354
0,1.26,0.354
0,1.26,0.354
0,1.26,0.354
0,1.26,0.354
0,1.26,0.354
0,1.26,0.354
0,1.26,0.354
0,1.26,0.354
0,1.26,0.354
0,1.26,0.354
0,1.26,0.354
0,1.26,0.354
0,1.26,0.354
0,1.26,0.354
0,1.26,0.354
0,1.26,0.354
0,1.26,0.354
0,1.26,0.354
0,1.17,0.354
0,1.17,0.354
0,1.17,0.354
0,1.17,0.354
0,1.17,0.354
0,1.17,0.354
0,1.17,0.354
0,1.17,0.354
0,1.17,0.354
0,1.17,0.354
0,1.17,0.354
0,1.17,0.354
0,1.17,0.354
0,1.17,0.354
0,1.17,0.354
0,1.17,0.354
0,1.17,0.354
0,1.17,0.354
0,1.17,0.354
0,1.17,0.354
0,1.17,0.354
0,1.17,0.354
0,1.17,0.354
0,1.17,0.354
0,1.17,0.354
0,1.17,0.354
0,1.17,0.354
0,1.17,0.354
0,1.17,0.354
0,1.17,0.354
0,1.17,0.354
0,1.17,0.354
0,1.17,0.354
0,1.08,0.354
0,1.08,0.354
0,1.08,0.354
0,1.08,0.354
0,1.08,0.354
0,1.08,0.354
0,1.08,0.354
0,1.08,0.354
0,1.08,0.354
0,1.08,0.354
0,1.08,0.354
0,1.08,0.354
0,1.08,0.354
0,1.08,0.354
0,1.08,0.354
0,1.08,0.354
0,1.08,0.354
0,1.08,0.354
0,1.08,0.354
0,1.08,0.354
0,1.08,0.354
0,1.08,0.354
0,1.08,0.354
0,1.08,0.354
0,1.08,0.354
0,1.08,0.354
0,1.08,0.354
0,1.03055114428699,0.354
1,7148.8470224853445,0.348
1,1304.7464946857106,0.348
1,1039.890713230311,0.348
1,1030.6931780453865,0.348
1,1012.1673258678239,0.348
1,350.0517410849359,0.348
1,349.86542537599655,0.348
1,320.3778137251722,0.348
1,231.62340759380908,0.348
1,225.96598512439914,0.348
1,215.8709573809065,0.348
1,214.87632139650026,0.348
1,206.0482183089424,0.348
1,204.0879515151255,0.348
1,202.2604119288426,0.348
1,191.2788773155421,0.348
1,186.60610265634656,0.348
1,186.10751430396365,0.348
1,177.23982397510858,0.348
1,168.4066775994856,0.348
1,162.7093102104083,0.348
1,157.52095470058472,0.348
1,155.7986910413146,0.348
1,152.43012019965016,0.348
1,151.74335800268503,0.348
1,143.27078676456364,0.348
1,141.74223594859467,0.348
1,136.88671120387355,0.348
1,135.81639258627445,0.348
1,135.08557026693896,0.348
1,133.18876087156647,0.348
1,126.07986558254288,0.348
1,123.462382916978,0.348
1,123.17647347655446,0.348
1,117.14044450709447,0.348
1,116.34448832178117,0.348
1,112.39546987880469,0.348
1,110.4099394316353,0.348
1,106.26731527684629,0.348
1,105.67708292625436,0.348
1,103.05232005758286,0.348
1,102.39157723303065,0.348
1,101.98474682414047,0.348
1,95.37432969270051,0.348
1,94.36860532392562,0.348
1,90.41727503201031,0.348
1,85.64425154929236,0.348
1,84.38345289339573,0.348
1,80.96128511348367,0.348
1,80.51233714725971,0.348
1,76.71574932051227,0.348
1,75.00777583937348,0.348
1,74.64736128447056,0.348
1,73.75672136580125,0.348
1,70.60472472619229,0.348
1,65.74164419657961,0.348
1,64.00842471487084,0.348
1,60.964345297104124,0.348
1,59.70782205796242,0.348
1,57.45639588690177,0.348
1,54.574570387814944,0.348
1,53.67399991941229,0.348
1,50.70211737362147,0.348
1,48.09046301500909,0.348
1,47.36866937204898,0.348
1,45.92909389078356,0.348
1,44.03789590699002,0.348
1,41.79619282793105,0.348
1,41.38607175256498,0.348
1,36.11287578470335,0.348
1,32.69070800460912,0.348
1,32.664941251675785,0.348
1,32.51059391086698,0.348
1,32.081875283613805,0.348
1,29.448654318216445,0.348
1,28.728197943480314,0.348
1,27.377342240795866,0.348
1,27.197228147120775,0.348
1,26.836999959666283,0.348
1,26.476771772351118,0.348
1,26.20660063184798,0.348
1,25.93642949131094,0.348
1,25.84637244442292,0.348
1,25.5762013038978,0.348
1,23.50488922648393,0.348
1,23.504889226470517,0.348
1,21.793805336420238,0.348
1,20.983291914773734,0.348
1,20.80317782112509,0.348
1,20.17277849320546,0.348
1,19.36226507161111,0.348
1,19.14198400050998,0.348
1,18.371637556316333,0.348
1,16.93072480680123,0.348
1,16.210268432059884,0.348
1,16.030154338377717,0.348
1,14.859412729393691,0.348
1,14.859412729367241,0.348
1,13.958842260932178,0.348
1,13.68867112032436,0.348
1,13.50855702669844,0.348
1,13.328442933012917,0.348
1,13.238385886203499,0.348
1,13.238385886156559,0.348
1,13.238385886140168,0.348
1,13.058271792486684,0.348
1,12.42787246456668,0.348
1,12.067644277159125,0.348
1,11.797473136639223,0.348
1,11.617359042975307,0.348
1,10.98695971505493,0.348
1,10.806845621391385,0.348
1,10.806845621354878,0.348
1,10.716788574510069,0.348
1,10.626731527695433,0.348
1,10.176446293455363,0.348
1,9.816218106067554,0.348
1,8.735533543930575,0.348
1,8.735533543922752,0.348
1,8.555419450239093,0.348
1,8.375305356548354,0.348
1,8.10513421600014,0.348
1,7.4747348881028595,0.348
1,7.29462079442665,0.348
1,7.294620794422925,0.348
1,7.2045637475878,0.348
1,7.20456374758035,0.348
1,7.114506700731441,0.348
1,7.024449653891847,0.348
1,6.9343926070429385,0.348
1,6.844335560198129,0.348
1,6.664221466505528,0.348
1,6.57416441968903,0.348
1,6.4841073728110645,0.348
1,6.303993279127777,0.348
1,6.303993279125169,0.348
1,6.2139362322904175,0.348
1,6.213936232278496,0.348
1,6.123879185450077,0.348
1,6.123879185438901,0.348
1,6.123879185432196,0.348
1,6.033822138591111,0.348
1,5.943765091759712,0.348
1,5.853708044910431,0.348
1,5.853708044895902,0.348
1,5.673593951217085,0.348
1,5.493479857517034,0.348
1,5.493479857507721,0.348
1,5.403422810684145,0.348
1,5.403422810680047,0.348
1,5.313365763828903,0.348
1,5.133251670129598,0.348
1,4.953137576459349,0.348
1,4.863080529612303,0.348
1,4.773023482766376,0.348
1,4.682966435921937,0.348
1,4.682966435912997,0.348
1,4.592909389077872,0.348
1,4.2326812016986315,0.348
1,4.0525671080172065,0.348
1,4.052567108014226,0.348
1,4.052567108007893,0.348
1,3.962510061167926,0.348
1,3.962510061166808,0.348
1,3.9625100611634556,0.348
1,3.782395967478305,0.348
1,3.7823959674756975,0.348
1,3.6923389206320048,0.348
1,3.60228187379092,0.348
1,3.6022818737905475,0.348
1,3.60228187378794,0.348
1,3.6022818737857047,0.348
1,3.6022818737849596,0.348
1,3.602281873783469,0.348
1,3.6022818737808615,0.348
1,3.5122248269487173,0.348
1,3.512224826937169,0.348
1,3.422167780106515,0.348
1,3.4221677801012995,0.348
1,3.4221677800964567,0.348
1,3.332110733261705,0.348
1,3.332110733252764,0.348
1,3.332110733252019,0.348
1,3.3321107332512736,0.348
1,3.2420536864131693,0.348
1,3.242053686409071,0.348
1,3.2420536864075813,0.348
1,3.2420536864053457,0.348
1,3.242053686402738,0.348
1,3.1519966395709664,0.348
1,3.151996639570594,0.348
1,3.1519966395694765,0.348
1,3.1519966395683587,0.348
1,3.151996639566869,0.348
1,3.1519966395653785,0.348
1,3.151996639562026,0.348
1,3.1519966395605357,0.348
1,2.9718825458738953,0.348
1,2.971882545872778,0.348
1,2.8818254990313203,0.348
1,2.8818254990290852,0.348
1,2.7917684521865103,0.348
1,2.7917684521805497,0.348
1,2.791768452180177,0.348
1,2.701711405333504,0.348
1,2.6116543584953993,0.348
1,2.6116543584924194,0.348
1,2.611654358490184,0.348
1,2.611654358483851,0.348
1,2.5215973116558046,0.348
1,2.5215973116502166,0.348
1,2.5215973116487267,0.348
1,2.521597311647609,0.348
1,2.5215973116416484,0.348
1,2.4315402648091315,0.348
1,2.4315402648091315,0.348
1,2.431540264805779,0.348
1,2.431540264803544,0.348
1,2.4315402648013085,0.348
1,2.3414832179609686,0.348
1,2.3414832179550085,0.348
1,2.2514261711210013,0.348
1,2.251426171110943,0.348
1,2.1613691242784263,0.348
1,2.161369124275446,0.348
1,2.161369124275446,0.348
1,2.161369124273211,0.348
1,2.1613691242724657,0.348
1,2.1613691242717206,0.348
1,2.161369124270976,0.348
1,2.071312077432126,0.348
1,2.071312077430636,0.348
1,2.0713120774298908,0.348
1,2.0713120774298908,0.348
1,2.071312077429518,0.348
1,2.0713120774291456,0.348
1,2.071312077428773,0.348
1,2.0713120774269105,0.348
1,2.0713120774254206,0.348
1,2.0713120774246754,0.348
1,2.071312077420205,0.348
1,1.9812550305880607,0.348
1,1.9812550305876881,0.348
1,1.9812550305858256,0.348
1,1.9812550305858256,0.348
1,1.9812550305813552,0.348
1,1.98125503058061,0.348
1,1.9812550305794925,0.348
1,1.9812550305794925,0.348
1,1.981255030578375,0.348
1,1.8911979837417603,0.348
1,1.8911979837410153,0.348
1,1.8911979837406427,0.348
1,1.8911979837391526,0.348
1,1.89119798373878,0.348
1,1.891197983738035,0.348
1,1.8911979837369175,0.348
1,1.8911979837358,0.348
1,1.8911979837354274,0.348
1,1.8911979837354274,0.348
1,1.8911979837335646,0.348
1,1.8911979837331923,0.348
1,1.8911979837320745,0.348
1,1.8011409369010478,0.348
1,1.8011409368950875,0.348
1,1.8011409368947149,0.348
1,1.7110838900573553,0.348
1,1.7110838900517673,0.348
1,1.7110838900506498,0.348
1,1.7110838900484147,0.348
1,1.7110838900476695,0.348
1,1.7110838900446892,0.348
1,1.6210268432073296,0.348
1,1.6210268432065846,0.348
1,1.6210268432065846,0.348
1,1.6210268432054669,0.348
1,1.6210268432050945,0.348
1,1.621026843204722,0.348
1,1.6210268432043493,0.348
1,1.6210268432028592,0.348
1,1.6210268432021142,0.348
1,1.5309697963640094,0.348
1,1.530969796362147,0.348
1,1.5309697963610291,0.348
1,1.5309697963599116,0.348
1,1.530969796359539,0.348
1,1.5309697963591666,0.348
1,1.5309697963591666,0.348
1,1.530969796358049,0.348
1,1.4409127495199443,0.348
1,1.440912749516964,0.348
1,1.440912749516219,0.348
1,1.4409127495132388,0.348
1,1.4409127495132388,0.348
1,1.4409127495128662,0.348
1,1.4409127495124936,0.348
1,1.4409127495124936,0.348
1,1.4409127495117486,0.348
1,1.440912749510631,0.348
1,1.4409127495087684,0.348
1,1.3508557026732713,0.348
1,1.3508557026714088,0.348
1,1.3508557026691737,0.348
1,1.350855702668801,0.348
1,1.3508557026669383,0.348
1,1.3508557026669383,0.348
1,1.3508557026661934,0.348
1,1.3508557026658208,0.348
1,1.3508557026654482,0.348
1,1.3508557026650758,0.348
1,1.3508557026647032,0.348
1,1.2607986558284612,0.348
1,1.2607986558273436,0.348
1,1.2607986558273436,0.348
1,1.2607986558265984,0.348
1,1.2607986558258535,0.348
1,1.260798655825481,0.348
1,1.2607986558251083,0.348
1,1.2607986558247357,0.348
1,1.2607986558243633,0.348
1,1.2607986558243633,0.348
1,1.2607986558243633,0.348
1,1.2607986558239908,0.348
1,1.2607986558228732,0.348
1,1.260798655820638,0.348
1,1.1707416089836509,0.348
1,1.1707416089832783,0.348
1,1.1707416089825333,0.348
1,1.1707416089821607,0.348
1,1.1707416089810432,0.348
1,1.1707416089810432,0.348
1,1.170741608980298,0.348
1,1.170741608978808,0.348
1,1.170741608978808,0.348
1,1.170741608978808,0.348
1,1.170741608978063,0.348
1,1.170741608978063,0.348
1,1.1707416089747102,0.348
1,1.080684562138468,0.348
1,1.0806845621380956,0.348
1,1.080684562136978,0.348
1,1.080684562136978,0.348
1,1.080684562136978,0.348
1,1.0806845621366055,0.348
1,1.0806845621362329,0.348
1,1.0806845621362329,0.348
1,1.0806845621358603,0.348
1,1.0806845621347427,0.348
1,1.0806845621336252,0.348
1,1.0806845621332526,0.348
1,1.0806845621332526,0.348
2,3928.648611550818,0.347
2,3047.5273317239526,0.347
2,1706.6786185996937,0.347
2,1620.5765579690108,0.347
2,1379.4144980561935,0.347
2,1050.2114465782713,0.347
2,1001.0741327259786,0.347
2,992.9712325547252,0.347
2,589.4246633188151,0.347
2,433.5969961126618,0.347
2,428.58148593398556,0.347
2,406.9677946912272,0.347
2,264.03775881856455,0.347
2,231.07993207945228,0.347
2,211.90423122564184,0.347
2,177.31202753614934,0.347
2,147.31364250945003,0.347
2,144.63098283952698,0.347
2,126.52720007559509,0.347
2,116.5530420302406,0.347
2,114.38551139388606,0.347
2,112.21785353042,0.347
2,98.432352201131,0.347
2,94.13729839666625,0.347
2,91.94762178584784,0.347
2,91.32685114251971,0.347
2,88.9663283281915,0.347
2,88.50230361047089,0.347
2,88.2670967207469,0.347
2,77.80928847377338,0.347
2,73.48655022533238,0.347
2,72.0388643137008,0.347
2,70.15443949209303,0.347
2,68.17318446142077,0.347
2,67.90301332085133,0.347
2,64.93113077497371,0.347
2,64.48084554087073,0.347
2,62.04029963392615,0.347
2,61.08024436760247,0.347
2,54.084118176260596,0.347
2,50.391779255574946,0.347
2,48.180520061873274,0.347
2,48.09046301511936,0.347
2,46.469436171887814,0.347
2,45.298694562843444,0.347
2,43.227382485460495,0.347
2,42.32681201699823,0.347
2,40.705785173717146,0.347
2,40.43265202019215,0.347
2,38.154618314258755,0.347
2,36.383046925236286,0.347
2,32.15036572356634,0.347
2,30.709452974101904,0.347
2,26.206600631836057,0.347
2,26.206600631735103,0.347
2,25.39608721017726,0.347
2,25.08574909219295,0.347
2,24.315402648033203,0.347
2,22.96454694540687,0.347
2,22.964546945351362,0.347
2,22.694375804867224,0.347
2,21.88386238324754,0.347
2,21.544577760094406,0.347
2,20.803177821150424,0.347
2,20.533006680591406,0.347
2,18.731865743617714,0.347
2,16.197785898616726,0.347
2,15.12958386987746,0.347
2,15.039526823058726,0.347
2,14.859412729348987,0.347
2,14.409127495147288,0.347
2,14.319070448276774,0.347
2,14.138956354601682,0.347
2,13.688671120391414,0.347
2,13.508557026685775,0.347
2,13.41849997985661,0.347
2,13.328442932990194,0.347
2,13.058271792469919,0.347
2,12.968214745656029,0.347
2,12.8781576987803,0.347
2,10.896902668215334,0.347
2,10.806845621334762,0.347
2,10.446617433996499,0.347
2,9.455989918688312,0.347
2,9.095761731307208,0.347
2,8.645476497090609,0.347
2,8.555419450246916,0.347
2,8.285248309699819,0.347
2,8.105134215999023,0.347
2,7.654848981809616,0.347
2,7.65484898179397,0.347
2,7.564791934971139,0.347
2,7.56479193495512,0.347
2,7.2045637475714095,0.347
2,7.024449653872848,0.347
2,6.754278513349593,0.347
2,6.75427851334177,0.347
2,6.484107372806221,0.347
2,6.3039932791356,0.347
2,6.303993279113993,0.347
2,6.123879185444117,0.347
2,6.123879185438901,0.347
2,6.123879185410962,0.347
2,5.943765091754869,0.347
2,5.853708044914156,0.347
2,5.673593951229751,0.347
2,5.67359395121783,0.347
2,5.673593951212243,0.347
2,5.493479857517034,0.347
2,5.4034228106833995,0.347
2,5.313365763836354,0.347
2,5.313365763830022,0.347
2,5.13325167016238,0.347
2,4.773023482771963,0.347
2,4.592909389078617,0.347
2,4.412795295388252,0.347
2,4.232681201708317,0.347
2,4.232681201697141,0.347
2,4.232681201688573,0.347
2,4.142624154853821,0.347
2,4.052567108021677,0.347
2,4.0525671080134815,0.347
2,3.962510061182082,0.347
2,3.9625100611649455,0.347
2,3.962510061149672,0.347
2,3.8724530143111946,0.347
2,3.782395967473835,0.347
2,3.782395967467502,0.347
2,3.6923389206267894,0.347
2,3.602281873791665,0.347
2,3.602281873783842,0.347
2,3.5122248269423846,0.347
2,3.512224826940149,0.347
2,3.512224826939777,0.347
2,3.5122248269382865,0.347
2,3.242053686411679,0.347
2,3.242053686406836,0.347
2,3.151996639556438,0.347
2,3.0619395927183333,0.347
2,3.0619395927123727,0.347
2,2.9718825458753857,0.347
2,2.8818254990313203,0.347
2,2.881825499022007,0.347
2,2.791768452182785,0.347
2,2.701711405341327,0.347
2,2.701711405335367,0.347
2,2.611654358495027,0.347
2,2.6116543584946545,0.347
2,2.521597311653197,0.347
2,2.5215973116520796,0.347
2,2.5215973116513344,0.347
2,2.5215973116472363,0.347
2,2.4315402648068964,0.347
2,2.431540264797956,0.347
2,2.3414832179684195,0.347
2,2.251426171120256,0.347
2,2.251426171113551,0.347
2,2.161369124276564,0.347
2,2.16136912426427,0.347
2,2.0713120774313807,0.347
2,2.0713120774291456,0.347
2,1.9812550305843355,0.347
2,1.9812550305835903,0.347
2,1.9812550305824728,0.347
2,1.9812550305802377,0.347
2,1.9812550305802377,0.347
2,1.981255030579865,0.347
2,1.891197983743623,0.347
2,1.89119798373729,0.347
2,1.8911979837328197,0.347
2,1.891197983732447,0.347
2,1.8011409368935973,0.347
2,1.8011409368932247,0.347
2,1.801140936889127,0.347
2,1.801140936888382,0.347
2,1.71108389005214,0.347
2,1.7110838900495322,0.347
2,1.7110838900491596,0.347
2,1.7110838900469245,0.347
2,1.6210268432084471,0.347
2,1.621026843199134,0.347
2,1.5309697963654996,0.347
2,1.5309697963628919,0.347
2,1.5309697963610291,0.347
2,1.5309697963599116,0.347
2,1.5309697963599116,0.347
2,1.530969796358794,0.347
2,1.530969796357304,0.347
2,1.530969796356559,0.347
2,1.530969796356559,0.347
2,1.5309697963558138,0.347
2,1.5309697963558138,0.347
2,1.5309697963550688,0.347
2,1.5309697963550688,0.347
2,1.5309697963550688,0.347
2,1.4409127495184542,0.347
2,1.4409127495180816,0.347
2,1.4409127495173366,0.347
2,1.4409127495158465,0.347
2,1.4409127495154739,0.347
2,1.440912749514729,0.347
2,1.4409127495136114,0.347
2,1.4409127495121212,0.347
2,1.4409127495110035,0.347
2,1.3508557026706636,0.347
2,1.3508557026706636,0.347
2,1.3508557026699186,0.347
2,1.350855702668801,0.347
2,1.3508557026684285,0.347
2,1.3508557026684285,0.347
2,1.3508557026684285,0.347
2,1.2607986558303237,0.347
2,1.2607986558303237,0.347
2,1.260798655826971,0.347
2,1.260798655826971,0.347
2,1.2607986558262259,0.347
2,1.2607986558258535,0.347
2,1.260798655825481,0.347
2,1.2607986558251083,0.347
2,1.2607986558247357,0.347
2,1.2607986558247357,0.347
2,1.2607986558232458,0.347
2,1.2607986558232458,0.347
2,1.2607986558232458,0.347
2,1.2607986558228732,0.347
2,1.1707416089832783,0.347
2,1.1707416089825333,0.347
2,1.1707416089825333,0.347
2,1.1707416089814158,0.347
2,1.1707416089806706,0.347
2,1.170741608980298,0.347
2,1.170741608980298,0.347
2,1.170741608980298,0.347
2,1.170741608979553,0.347
2,1.1707416089791804,0.347
2,1.170741608978808,0.347
2,1.170741608977318,0.347
2,1.080684562137723,0.347
2,1.080684562137723,0.347
2,1.080684562137723,0.347
2,1.080684562137723,0.347
2,1.080684562136978,0.347
2,1.080684562136978,0.347
2,1.0806845621366055,0.347
2,1.0806845621362329,0.347
2,1.0806845621362329,0.347
2,1.0806845621358603,0.347
2,1.0806845621347427,0.347
2,1.0806845621347427,0.347
2,1.0806845621347427,0.347
2,1.0806845621347427,0.347
2,1.0806845621343704,0.347
2,1.0806845621317624,0.347
3,8567.15624693507,0.349
3,1764.7635800742758,0.349
3,1213.1584780447686,0.349
3,1076.0199517722463,0.349
3,926.4023072664753,0.349
3,773.3458922834715,0.349
3,516.4724423879833,0.349
3,466.1500084098563,0.349
3,455.5985999869611,0.349
3,373.22281473446753,0.349
3,233.62806705383323,0.349
3,214.73400703140376,0.349
3,198.66584533944132,0.349
3,179.31652958661132,0.349
3,178.81609015709648,0.349
3,165.4347950538274,0.349
3,158.49729083890952,0.349
3,151.10088752799027,0.349
3,143.93773725090028,0.349
3,135.26568436072284,0.349
3,123.35594855190591,0.349
3,116.70149226627798,0.349
3,107.38096217729449,0.349
3,99.42297971654534,0.349
3,98.8964935786333,0.349
3,96.72409818483965,0.349
3,95.63489364184142,0.349
3,89.15647637623326,0.349
3,88.34596295454949,0.349
3,79.79054350445122,0.349
3,79.24691619387418,0.349
3,75.91545131780767,0.349
3,74.72640531683564,0.349
3,72.15790014804713,0.349
3,68.95819531967715,0.349
3,66.28198647769169,0.349
3,65.1074453314066,0.349
3,64.06915947152824,0.349
3,63.17251135965437,0.349
3,62.25036293385178,0.349
3,58.88821321253404,0.349
3,58.176852261576805,0.349
3,57.72593935928196,0.349
3,57.186224746340514,0.349
3,57.17092698085979,0.349
3,55.92542609053255,0.349
3,51.38240677087084,0.349
3,49.62143281134814,0.349
3,47.00645925807208,0.349
3,43.428440143343806,0.349
3,43.13732543863543,0.349
3,42.32384991618693,0.349
3,41.6279335994849,0.349
3,41.391553389696966,0.349
3,38.81458719007448,0.349
3,38.45435900262408,0.349
3,38.27424490899034,0.349
3,38.09413081532866,0.349
3,33.56674978074953,0.349
3,22.083353278498354,0.349
3,21.790975462773442,0.349
3,21.240980521929732,0.349
3,19.002036884228886,0.349
3,19.00203688420877,0.349
3,17.94355794751719,0.349
3,17.673386806983128,0.349
3,17.471067087916285,0.349
3,14.949469776212798,0.349
3,13.598614073539526,0.349
3,12.878157698775828,0.349
3,12.067644277191162,0.349
3,11.527301996117831,0.349
3,10.626731527666003,0.349
3,10.536674480816723,0.349
3,10.446617433983834,0.349
3,10.446617433981226,0.349
3,9.996332199775429,0.349
3,9.63610401237011,0.349
3,9.455989918687568,0.349
3,9.365932871842013,0.349
3,9.09576173131317,0.349
3,8.915647637629881,0.349
3,8.645476497088373,0.349
3,8.645476497077942,0.349
3,8.555419450249897,0.349
3,8.195191262860597,0.349
3,7.56479193494916,0.349
3,7.47473488810733,0.349
3,7.384677841263265,0.349
3,7.20456374758333,0.349
3,7.114506700732932,0.349
3,6.934392607046291,0.349
3,6.9343926070392135,0.349
3,6.754278513352201,0.349
3,6.754278513351828,0.349
3,6.574164419676737,0.349
3,6.574164419673756,0.349
3,6.574164419655502,0.349
3,6.303993279127777,0.349
3,6.213936232286692,0.349
3,6.213936232276261,0.349
3,6.123879185435548,0.349
3,5.76365099804923,0.349
3,5.583536904364079,0.349
3,5.4934798575147985,0.349
3,5.4034228106874975,0.349
3,5.403422810682654,0.349
3,5.403422810676695,0.349
3,5.403422810669616,0.349
3,5.313365763832629,0.349
3,5.223308716996759,0.349
3,5.2233087169945245,0.349
3,5.133251670148597,0.349
3,5.133251670134068,0.349
3,4.863080529611185,0.349
3,4.682966435930133,0.349
3,4.682966435912252,0.349
3,4.592909389084578,0.349
3,4.592909389081598,0.349
3,4.502852342247218,0.349
3,4.412795295397565,0.349
3,4.322738248538971,0.349
3,4.322738248538599,0.349
3,4.232681201688201,0.349
3,4.1426241548594085,0.349
3,4.142624154853449,0.349
3,4.052567108005285,0.349
3,3.9625100611727686,0.349
3,3.87245301432088,0.349
3,3.78239596747458,0.349
3,3.6923389206338677,0.349
3,3.692338920630515,0.349
3,3.602281873780489,0.349
3,3.5122248269524428,0.349
3,3.512224826945365,0.349
3,3.5122248269446197,0.349
3,3.5122248269427567,0.349
3,3.512224826940894,0.349
3,3.4221677800916135,0.349
3,3.3321107332587245,0.349
3,3.3321107332482938,0.349
3,3.242053686414659,0.349
3,3.242053686411679,0.349
3,3.0619395927205684,0.349
3,2.9718825458735227,0.349
3,2.9718825458735227,0.349
3,2.9718825458705425,0.349
3,2.9718825458697977,0.349
3,2.9718825458690525,0.349
3,2.8818254990369083,0.349
3,2.8818254990309478,0.349
3,2.881825499024987,0.349
3,2.611654358495027,0.349
3,2.6116543584927916,0.349
3,2.521597311653197,0.349
3,2.521597311651707,0.349
3,2.521597311651707,0.349
3,2.521597311650962,0.349
3,2.521597311649844,0.349
3,2.431540264803916,0.349
3,2.341483217960596,0.349
3,2.3414832179598513,0.349
3,2.3414832179598513,0.349
3,2.2514261711172763,0.349
3,2.2514261711172763,0.349
3,2.251426171116531,0.349
3,2.2514261711113157,0.349
3,2.161369124274701,0.349
3,2.1613691242728383,0.349
3,2.071312077432126,0.349
3,2.071312077427283,0.349
3,2.0713120774269105,0.349
3,2.0713120774269105,0.349
3,2.0713120774269105,0.349
3,2.0713120774269105,0.349
3,2.0713120774235576,0.349
3,2.071312077422813,0.349
3,1.9812550305865706,0.349
3,1.981255030585453,0.349
3,1.9812550305843355,0.349
3,1.9812550305835903,0.349
3,1.9812550305835903,0.349
3,1.9812550305824728,0.349
3,1.981255030579865,0.349
3,1.8911979837384076,0.349
3,1.891197983738035,0.349
3,1.8011409368988127,0.349
3,1.801140936896205,0.349
3,1.8011409368932247,0.349
3,1.8011409368917346,0.349
3,1.8011409368887545,0.349
3,1.801140936888382,0.349
3,1.711083890054375,0.349
3,1.71108389005363,0.349
3,1.71108389005214,0.349
3,1.7110838900517673,0.349
3,1.7110838900506498,0.349
3,1.7110838900506498,0.349
3,1.711083890048042,0.349
3,1.7110838900476695,0.349
3,1.7110838900450618,0.349
3,1.621026843206957,0.349
3,1.6210268432065846,0.349
3,1.6210268432039767,0.349
3,1.621026843201369,0.349
3,1.621026843201369,0.349
3,1.5309697963632645,0.349
3,1.5309697963628919,0.349
3,1.5309697963602842,0.349
3,1.5309697963602842,0.349
3,1.530969796358794,0.349
3,1.5309697963550688,0.349
3,1.440912749517709,0.349
3,1.4409127495173366,0.349
3,1.4409127495154739,0.349
3,1.4409127495154739,0.349
3,1.440912749514729,0.349
3,1.4409127495128662,0.349
3,1.440912749509886,0.349
3,1.4409127495072782,0.349
3,1.350855702672899,0.349
3,1.3508557026721537,0.349
3,1.3508557026717813,0.349
3,1.3508557026714088,0.349
3,1.3508557026706636,0.349
3,1.3508557026706636,0.349
3,1.3508557026699186,0.349
3,1.3508557026684285,0.349
3,1.3508557026684285,0.349
3,1.3508557026669383,0.349
3,1.3508557026661934,0.349
3,1.3508557026661934,0.349
3,1.3508557026647032,0.349
3,1.2607986558280886,0.349
3,1.2607986558273436,0.349
3,1.2607986558258535,0.349
3,1.260798655825481,0.349
3,1.2607986558251083,0.349
3,1.2607986558239908,0.349
3,1.2607986558236182,0.349
3,1.2607986558232458,0.349
3,1.1707416089855136,0.349
3,1.1707416089832783,0.349
3,1.1707416089825333,0.349
3,1.1707416089821607,0.349
3,1.1707416089817881,0.349
3,1.1707416089810432,0.349
3,1.1707416089810432,0.349
3,1.1707416089806706,0.349
3,1.170741608980298,0.349
3,1.170741608980298,0.349
3,1.0806845621414483,0.349
3,1.080684562138468,0.349
3,1.080684562138468,0.349
3,1.080684562137723,0.349
3,1.0806845621373504,0.349
3,1.0806845621366055,0.349
3,1.0806845621362329,0.349
3,1.080684562135488,0.349
3,1.0806845621351153,0.349
3,1.0806845621332526,0.349
4,12044.463476459008,0.349
4,2569.78308730505,0.349
4,1196.618702004614,0.349
4,765.6132379138954,0.349
4,528.6348649783099,0.349
4,501.1759721025892,0.349
4,428.4013718398042,0.349
4,298.6291673370563,0.349
4,252.01802314207677,0.349
4,246.20566847821996,0.349
4,170.56322164702192,0.349
4,148.86724902620614,0.349
4,143.62073906582594,0.349
4,128.9682395622775,0.349
4,127.23475504385718,0.349
4,101.30024794479608,0.349
4,82.40253236349672,0.349
4,81.56314385829643,0.349
4,80.77753010982872,0.349
4,68.80358378935047,0.349
4,68.26588068041616,0.349
4,62.40953346341514,0.349
4,59.86259027599283,0.349
4,59.70782205798328,0.349
4,59.167479777012396,0.349
4,57.26973331245184,0.349
4,54.12428515362889,0.349
4,48.09046301504932,0.349
4,44.39483900167048,0.349
4,39.44498651797772,0.349
4,38.811947973359004,0.349
4,38.63447309634872,0.349
4,37.643845581168684,0.349
4,33.79233613097444,0.349
4,31.78749836393893,0.349
4,26.11654358495623,0.349
4,25.576201303923877,0.349
4,23.324775132769346,0.349
4,19.362265071583167,0.349
4,15.759983197782189,0.349
4,15.669926150981338,0.349
4,15.399755010452868,0.349
4,15.039526823050156,0.349
4,14.859412729372085,0.349
4,14.229013401465863,0.349
4,13.148328839329631,0.349
4,13.148328839319944,0.349
4,11.707416089823097,0.349
4,10.536674480805546,0.349
4,10.356560387158394,0.349
4,8.555419450226799,0.349
4,8.285248309714348,0.349
4,8.105134216009453,0.349
4,8.015077169183643,0.349
4,7.744906028645486,0.349
4,7.564791934949905,0.349
4,7.3846778412655,0.349
4,7.294620794409141,0.349
4,6.844335560207069,0.349
4,6.754278513345123,0.349
4,6.123879185451195,0.349
4,5.94376509174183,0.349
4,5.763650998070092,0.349
4,5.763650998058543,0.349
4,4.953137576461583,0.349
4,4.863080529616028,0.349
4,4.68296643591784,0.349
4,4.5929093890808526,0.349
4,4.592909389076382,0.349
4,4.5028523422345526,0.349
4,4.5028523422312,0.349
4,4.412795295388625,0.349
4,3.9625100611638278,0.349
4,3.7823959674820307,0.349
4,3.782395967480913,0.349
4,3.7823959674678744,0.349
4,3.692338920638338,0.349
4,3.69233892063722,0.349
4,3.692338920630515,0.349
4,3.6022818737786264,0.349
4,3.422167780097574,0.349
4,3.3321107332512736,0.349
4,3.332110733238235,0.349
4,3.2420536864086986,0.349
4,3.2420536864049736,0.349
4,3.2420536864034832,0.349
4,3.151996639562398,0.349
4,3.0619395927216857,0.349
4,3.061939592716843,0.349
4,3.061939592713118,0.349
4,2.971882545874268,0.349
4,2.881825499035046,0.349
4,2.8818254990234973,0.349
4,2.791768452182412,0.349
4,2.7917684521775694,0.349
4,2.7917684521768242,0.349
4,2.7017114053498954,0.349
4,2.7017114053428175,0.349
4,2.611654358498007,0.349
4,2.6116543584953993,0.349
4,2.5215973116524517,0.349
4,2.4315402648076416,0.349
4,2.4315402648046613,0.349
4,2.431540264803916,0.349
4,2.4315402648024262,0.349
4,2.3414832179650666,0.349
4,2.341483217962459,0.349
4,2.341483217958361,0.349
4,2.3414832179579883,0.349
4,2.251426171122864,0.349
4,2.251426171116531,0.349
4,2.251426171115786,0.349
4,2.161369124277681,0.349
4,2.1613691242758186,0.349
4,2.161369124275446,0.349
4,2.161369124275446,0.349
4,2.071312077432871,0.349
4,2.0713120774284004,0.349
4,2.071312077425048,0.349
4,1.9812550305858256,0.349
4,1.9812550305835903,0.349
4,1.8911979837391526,0.349
4,1.89119798373878,0.349
4,1.891197983738035,0.349
4,1.891197983736545,0.349
4,1.8911979837358,0.349
4,1.8911979837343098,0.349
4,1.8011409368984401,0.349
4,1.801140936896205,0.349
4,1.80114093689397,0.349
4,1.8011409368924798,0.349
4,1.8011409368913622,0.349
4,1.8011409368857743,0.349
4,1.71108389005363,0.349
4,1.7110838900506498,0.349
4,1.7110838900506498,0.349
4,1.7110838900495322,0.349
4,1.7110838900484147,0.349
4,1.7110838900476695,0.349
4,1.6210268432073296,0.349
4,1.6210268432073296,0.349
4,1.6210268432054669,0.349
4,1.6210268432028592,0.349
4,1.6210268432021142,0.349
4,1.621026843200624,0.349
4,1.621026843199879,0.349
4,1.530969796359539,0.349
4,1.4409127495158465,0.349
4,1.440912749514729,0.349
4,1.4409127495132388,0.349
4,1.4409127495128662,0.349
4,1.350855702672899,0.349
4,1.3508557026699186,0.349
4,1.3508557026699186,0.349
4,1.3508557026684285,0.349
4,1.2607986558340492,0.349
4,1.2607986558280886,0.349
4,1.2607986558280886,0.349
4,1.2607986558273436,0.349
4,1.2607986558262259,0.349
4,1.2607986558258535,0.349
4,1.2607986558251083,0.349
4,1.260798655821383,0.349
4,1.1707416089847684,0.349
4,1.1707416089843958,0.349
4,1.170741608982906,0.349
4,1.1707416089817881,0.349
4,1.170741608980298,0.349
4,1.170741608980298,0.349
4,1.170741608980298,0.349
4,1.170741608980298,0.349
4,1.1707416089791804,0.349
4,1.170741608978808,0.349
4,1.170741608978808,0.349
4,1.0806845621407033,0.349
4,1.080684562137723,0.349
4,1.080684562137723,0.349
4,1.0806845621366055,0.349
4,1.0806845621358603,0.349
4,1.080684562135488,0.349
4,1.0806845621351153,0.349
4,1.0806845621347427,0.349
4,1.0806845621347427,0.349
4,1.0806845621347427,0.349
4,1.0806845621317624,0.349
5,5010.939492820701,0.347
5,4468.12571869057,0.347
5,2236.836973565396,0.347
5,1334.2353159796096,0.347
5,775.3702184178937,0.347
5,637.9827317862607,0.347
5,593.2057675660735,0.347
5,573.1230461192198,0.347
5,561.8659152636869,0.347
5,471.4653863639847,0.347
5,265.0702684358463,0.347
5,237.84066071678401,0.347
5,209.65509852105157,0.347
5,203.25023169565276,0.347
5,202.80846949436366,0.347
5,183.18199934440182,0.347
5,134.45517093903274,0.347
5,130.6326079941448,0.347
5,127.70089242576175,0.347
5,127.36161915286146,0.347
5,122.92786894312576,0.347
5,119.69505273371041,0.347
5,116.16488137670011,0.347
5,112.953114700499,0.347
5,98.9726944823444,0.347
5,88.05890712292195,0.347
5,87.24291174951495,0.347
5,84.83373812773675,0.347
5,76.818660958419,0.347
5,76.00814753701538,0.347
5,75.64791934953966,0.347
5,73.57660727217757,0.347
5,73.48655022519604,0.347
5,66.28198647767715,0.347
5,56.0062456603542,0.347
5,54.03193464007974,0.347
5,53.31377173205949,0.347
5,53.3137717319075,0.347
5,45.20863751600906,0.347
5,42.23675497017801,0.347
5,41.4262415486373,0.347
5,37.55378853418902,0.347
5,37.103503300033886,0.347
5,35.93276169101149,0.347
5,34.94213417568691,0.347
5,34.484978694824875,0.347
5,33.67674850055427,0.347
5,33.41116437935457,0.347
5,30.73039653825164,0.347
5,30.038886668702215,0.347
5,25.035859022825584,0.347
5,23.865117413874717,0.347
5,23.59494627329223,0.347
5,22.038001883338392,0.347
5,19.722493258985132,0.347
5,18.91197983737923,0.347
5,18.731865743725002,0.347
5,15.039526823058726,0.347
5,14.859412729357556,0.347
5,14.679298635654153,0.347
5,14.589241588835046,0.347
5,13.688671120404452,0.347
5,13.50855702669099,0.347
5,13.058271792466194,0.347
5,11.797473136656732,0.347
5,11.437244949264825,0.347
5,11.347187902443483,0.347
5,10.986959715061262,0.347
5,9.996332199760154,0.347
5,9.726161059222743,0.347
5,9.636104012398421,0.347
5,9.45598991868198,0.347
5,9.185818778206409,0.347
5,9.185818778141961,0.347
5,9.005704684453086,0.347
5,9.00570468445234,0.347
5,8.915647637622804,0.347
5,8.915647637608275,0.347
5,8.825590590782465,0.347
5,8.285248309711367,0.347
5,8.10513421600163,0.347
5,7.654848981799558,0.347
5,7.4747348881106825,0.347
5,7.384677841255069,0.347
5,7.294620794430003,0.347
5,7.294620794423297,0.347
5,7.204563747581095,0.347
5,7.114506700731069,0.347
5,7.024449653897808,0.347
5,6.123879185412079,0.347
5,5.943765091735125,0.347
5,5.853708044905961,0.347
5,5.763650998045504,0.347
5,5.583536904386431,0.347
5,4.863080529615283,0.347
5,4.863080529614911,0.347
5,4.682966435931251,0.347
5,4.592909389087558,0.347
5,4.23268120171018,0.347
5,4.232681201695651,0.347
5,4.232681201693416,0.347
5,3.7823959674779326,0.347
5,3.7823959674716,0.347
5,3.6022818737883124,0.347
5,3.602281873783469,0.347
5,3.5122248269446197,0.347
5,3.512224826943502,0.347
5,3.512224826941267,0.347
5,3.512224826940149,0.347
5,3.422167780102417,0.347
5,3.4221677800983192,0.347
5,3.422167780097574,0.347
5,3.422167780096084,0.347
5,3.3321107332613322,0.347
5,3.332110733256489,0.347
5,3.3321107332497837,0.347
5,3.2420536864135414,0.347
5,3.2420536864064635,0.347
5,3.151996639565006,0.347
5,3.1519966395631434,0.347
5,3.1519966395605357,0.347
5,3.1519966395597905,0.347
5,2.9718825458832088,0.347
5,2.971882545878366,0.347
5,2.7917684521939607,0.347
5,2.791768452192843,0.347
5,2.7917684521839026,0.347
5,2.7017114053405824,0.347
5,2.701711405335739,0.347
5,2.6116543585058305,0.347
5,2.6116543584983796,0.347
5,2.611654358498007,0.347
5,2.6116543584939094,0.347
5,2.611654358492047,0.347
5,2.5215973116546873,0.347
5,2.521597311651707,0.347
5,2.521597311651707,0.347
5,2.5215973116494714,0.347
5,2.5215973116457464,0.347
5,2.3414832179617138,0.347
5,2.251426171118766,0.347
5,2.2514261711172763,0.347
5,2.2514261711169037,0.347
5,2.251426171110198,0.347
5,2.0713120774336162,0.347
5,2.0713120774291456,0.347
5,1.9812550305850805,0.347
5,1.98125503058061,0.347
5,1.8911979837369175,0.347
5,1.8911979837335646,0.347
5,1.8911979837331923,0.347
5,1.8011409369003029,0.347
5,1.80114093689546,0.347
5,1.7110838900513947,0.347
5,1.711083890048042,0.347
5,1.7110838900461793,0.347
5,1.7110838900398464,0.347
5,1.6210268432091923,0.347
5,1.621026843204722,0.347
5,1.6210268432043493,0.347
5,1.6210268432036044,0.347
5,1.621026843201369,0.347
5,1.6210268431995065,0.347
5,1.530969796364382,0.347
5,1.5309697963632645,0.347
5,1.5309697963591666,0.347
5,1.5309697963550688,0.347
5,1.4409127495188268,0.347
5,1.4409127495158465,0.347
5,1.4409127495158465,0.347
5,1.4409127495158465,0.347
5,1.4409127495154739,0.347
5,1.440912749514729,0.347
5,1.4409127495132388,0.347
5,1.3508557026736439,0.347
5,1.3508557026736439,0.347
5,1.350855702672899,0.347
5,1.3508557026725263,0.347
5,1.3508557026721537,0.347
5,1.3508557026710362,0.347
5,1.3508557026706636,0.347
5,1.3508557026691737,0.347
5,1.3508557026676835,0.347
5,1.3508557026669383,0.347
5,1.2607986558273436,0.347
5,1.2607986558265984,0.347
5,1.2607986558265984,0.347
5,1.2607986558265984,0.347
5,1.2607986558258535,0.347
5,1.2607986558258535,0.347
5,1.2607986558251083,0.347
5,1.2607986558251083,0.347
5,1.2607986558251083,0.347
5,1.2607986558247357,0.347
5,1.260798655822128,0.347
5,1.2607986558217557,0.347
5,1.170741608985141,0.347
5,1.1707416089840235,0.347
5,1.1707416089821607,0.347
5,1.1707416089821607,0.347
5,1.1707416089817881,0.347
5,1.1707416089810432,0.347
5,1.1707416089810432,0.347
5,1.1707416089806706,0.347
5,1.1707416089799256,0.347
5,1.1707416089799256,0.347
5,1.170741608979553,0.347
5,1.1707416089791804,0.347
5,1.0806845621392132,0.347
5,1.0806845621380956,0.347
5,1.0806845621366055,0.347
5,1.0806845621362329,0.347
5,1.0806845621362329,0.347
5,1.0806845621358603,0.347
5,1.0806845621358603,0.347
5,1.0806845621358603,0.347
5,1.0806845621351153,0.347
5,1.0806845621347427,0.347
5,1.0806845621347427,0.347
6,12742.928115885012,0.349
6,2775.6916927674747,0.349
6,964.3425985162866,0.349
6,605.4713406804726,0.349
6,524.5723742222714,0.349
6,275.03422106360085,0.349
6,212.70048424788715,0.349
6,172.3598815021038,0.349
6,170.5612508701682,0.349
6,164.3234718083743,0.349
6,153.18703668292986,0.349
6,140.75916421811507,0.349
6,139.31825146862678,0.349
6,137.1845667884117,0.349
6,137.15688234448547,0.349
6,126.80032195733563,0.349
6,126.71026491054447,0.349
6,121.29498034434617,0.349
6,98.06366937562973,0.349
6,81.59168444123007,0.349
6,81.32151330093033,0.349
6,76.36506787827165,0.349
6,67.42526596842613,0.349
6,64.03056030666494,0.349
6,63.40016097863801,0.349
6,61.148734807483855,0.349
6,50.60383111879677,0.349
6,48.72086234311797,0.349
6,48.540748249301316,0.349
6,47.18989254653603,0.349
6,44.21801000066474,0.349
6,33.40885952420235,0.349
6,29.715540467131138,0.349
6,29.55965492924601,0.349
6,29.064029650272804,0.349
6,25.84637244443819,0.349
6,24.40545969492495,0.349
6,22.60431875799224,0.349
6,22.334147617445513,0.349
6,22.154033523776384,0.349
6,17.381010041042792,0.349
6,16.840667759945244,0.349
6,16.35021554831788,0.349
6,14.791561307927967,0.349
6,14.229013401447236,0.349
6,12.69804360507615,0.349
6,12.607986558248104,0.349
6,12.157701324022561,0.349
6,11.61735904296376,0.349
6,11.25713085561879,0.349
6,9.455989918689802,0.349
6,9.365932871848718,0.349
6,9.275875824982673,0.349
6,8.825590590786934,0.349
6,8.73553354393281,0.349
6,8.195191262884439,0.349
6,8.015077169170976,0.349
6,7.654848981800676,0.349
6,6.934392607033626,0.349
6,6.84433556018211,0.349
6,6.574164419655875,0.349
6,6.484107372804732,0.349
6,6.303993279130012,0.349
6,6.303993279127777,0.349
6,6.213936232301593,0.349
6,6.12387918545343,0.349
6,5.853708044905961,0.349
6,5.673593951218203,0.349
6,5.133251670153439,0.349
6,5.133251670148224,0.349
6,5.043194623305649,0.349
6,4.953137576465309,0.349
6,4.953137576451898,0.349
6,4.86308052961193,0.349
6,4.773023482767865,0.349
6,4.773023482757807,0.349
6,4.592909389091283,0.349
6,4.502852342249826,0.349
6,4.5028523422300815,0.349
6,4.502852342224494,0.349
6,4.412795295385272,0.349
6,4.2326812017023565,0.349
6,4.0525671080172065,0.349
6,4.052567108010129,0.349
6,4.052567108006403,0.349
6,3.7823959674846384,0.349
6,3.7823959674820307,0.349
6,3.692338920630515,0.349
6,3.6923389206297696,0.349
6,3.6923389206264168,0.349
6,3.422167780089006,0.349
6,3.0619395927228035,0.349
6,3.0619395927183333,0.349
6,3.061939592714608,0.349
6,2.9718825458809737,0.349
6,2.9718825458753857,0.349
6,2.8818254990257324,0.349
6,2.791768452188,0.349
6,2.7917684521868824,0.349
6,2.7917684521846473,0.349
6,2.7917684521842747,0.349
6,2.791768452181667,0.349
6,2.701711405345425,0.349
6,2.701711405342445,0.349
6,2.611654358497635,0.349
6,2.611654358495027,0.349
6,2.521597311650589,0.349
6,2.5215973116502166,0.349
6,2.521597311648354,0.349
6,2.5215973116423935,0.349
6,2.4315402648124844,0.349
6,2.4315402648068964,0.349
6,2.4315402648054065,0.349
6,2.4315402648046613,0.349
6,2.3414832179687917,0.349
6,2.341483217965812,0.349
6,2.341483217961341,0.349
6,2.3414832179598513,0.349
6,2.251426171122119,0.349
6,2.2514261711195114,0.349
6,2.251426171119139,0.349
6,2.251426171114668,0.349
6,2.251426171114296,0.349
6,2.161369124275446,0.349
6,2.1613691242694855,0.349
6,1.981255030583963,0.349
6,1.9812550305821002,0.349
6,1.98125503058061,0.349
6,1.9812550305780023,0.349
6,1.8911979837439956,0.349
6,1.8911979837406427,0.349
6,1.891197983736545,0.349
6,1.8911979837354274,0.349
6,1.8011409368932247,0.349
6,1.8011409368902445,0.349
6,1.8011409368872644,0.349
6,1.7110838900495322,0.349
6,1.7110838900491596,0.349
6,1.6210268432080746,0.349
6,1.6210268432039767,0.349
6,1.5309697963628919,0.349
6,1.5309697963625193,0.349
6,1.5309697963610291,0.349
6,1.530969796359539,0.349
6,1.5309697963576765,0.349
6,1.5309697963576765,0.349
6,1.5309697963550688,0.349
6,1.4409127495229246,0.349
6,1.4409127495184542,0.349
6,1.4409127495173366,0.349
6,1.3508557026714088,0.349
6,1.3508557026699186,0.349
6,1.3508557026684285,0.349
6,1.3508557026676835,0.349
6,1.2607986558280886,0.349
6,1.2607986558273436,0.349
6,1.2607986558265984,0.349
6,1.2607986558262259,0.349
6,1.2607986558251083,0.349
6,1.2607986558243633,0.349
6,1.2607986558243633,0.349
6,1.260798655822128,0.349
6,1.260798655820638,0.349
6,1.1707416089825333,0.349
6,1.170741608979553,0.349
6,1.0806845621392132,0.349
6,1.080684562136978,0.349
6,1.080684562135488,0.349
7,10470.18469580998,0.348
7,1283.2368616997403,0.348
7,1202.3516324228494,0.348
7,749.7269082639724,0.348
7,625.56393182714055,0.348
7,556.6649528999444,0.348
7,552.2076056260827,0.348
7,533.6844869462433,0.348
7,512.7012178002186,0.348
7,328.43804984304313,0.348
7,306.63781716146246,0.348
7,277.5478270691946,0.348
7,273.8141463320168,0.348
7,163.18648054953073,0.348
7,138.31189095827042,0.348
7,135.26186269342156,0.348
7,130.12598257741334,0.348
7,127.43072128524632,0.348
7,125.34692667433774,0.348
7,124.17590570075289,0.348
7,94.56442805043608,0.348
7,92.93887234369554,0.348
7,89.24023400090934,0.348
7,86.6314824713558,0.348
7,86.36470792402812,0.348
7,81.59492390578204,0.348
7,81.5016273943916,0.348
7,80.95864594113827,0.348
7,80.15077169169412,0.348
7,67.63284218032621,0.348
7,65.65158714982272,0.348
7,65.02118782178201,0.348
7,64.02744863966034,0.348
7,61.05867776079364,0.348
7,60.15810729231984,0.348
7,54.49423643305674,0.348
7,51.06234556089789,0.348
7,47.36676717588231,0.348
7,46.376094092211126,0.348
7,46.37347770030946,0.348
7,40.818047846077384,0.348
7,40.795842220671105,0.348
7,37.10350329999067,0.348
7,37.103503299941124,0.348
7,35.032191222558545,0.348
7,31.339852301987634,0.348
7,30.764821862018483,0.348
7,30.619395927199722,0.348
7,30.169110692968967,0.348
7,29.265578123632075,0.348
7,27.917684521821887,0.348
7,26.836999959738552,0.348
7,26.835006677603722,0.348
7,25.37231944754459,0.348
7,23.685003320158646,0.348
7,23.41483217962347,0.348
7,22.063976476956906,0.348
7,21.793805336402357,0.348
7,21.63589686815478,0.348
7,20.62306372742802,0.348
7,19.54237916529104,0.348
7,18.4616946031712,0.348
7,18.371637556278706,0.348
7,18.281580509488286,0.348
7,18.011409368943795,0.348
7,16.480439572586864,0.348
7,16.21026843203306,0.348
7,15.489812057296932,0.348
7,15.219640916769206,0.348
7,14.85941272936836,0.348
7,14.499184541989118,0.348
7,13.058271792464703,0.348
7,12.698043605106324,0.348
7,12.4278724645596,0.348
7,12.067644277164714,0.348
7,11.977587230342627,0.348
7,11.437244949274511,0.348
7,9.906275152916463,0.348
7,9.816218106079102,0.348
7,9.365932871860267,0.348
7,9.275875824994968,0.348
7,9.095761731307208,0.348
7,9.005704684456438,0.348
7,8.555419450224564,0.348
7,8.375305356558412,0.348
7,7.9250201223164805,0.348
7,7.564791934952512,0.348
7,7.474734888120741,0.348
7,6.844335560198501,0.348
7,6.664221466499567,0.348
7,6.574164419661463,0.348
7,6.4841073728218674,0.348
7,6.303993279123679,0.348
7,5.76365099804923,0.348
7,5.493479857529327,0.348
7,5.403422810680047,0.348
7,5.313365763842315,0.348
7,5.313365763837845,0.348
7,5.043194623300433,0.348
7,4.953137576431781,0.348
7,4.682966435913369,0.348
7,4.32273824853301,0.348
7,4.232681201704592,0.348
7,4.232681201695651,0.348
7,4.142624154852331,0.348
7,4.052567108016461,0.348
7,3.962510061158985,0.348
7,3.782395967473835,0.348
7,3.6022818737864495,0.348
7,3.6022818737849596,0.348
7,3.5122248269483447,0.348
7,3.5122248269438745,0.348
7,3.422167780099809,0.348
7,3.332110733253509,0.348
7,3.332110733252764,0.348
7,3.3321107332497837,0.348
7,3.3321107332497837,0.348
7,3.151996639570594,0.348
7,3.151996639556438,0.348
7,3.0619395927235487,0.348
7,3.0619395927183333,0.348
7,2.971882545877248,0.348
7,2.971882545874268,0.348
7,2.971882545870915,0.348
7,2.7917684521917256,0.348
7,2.7917684521861377,0.348
7,2.79176845218502,0.348
7,2.7917684521805497,0.348
7,2.701711405348033,0.348
7,2.7017114053383473,0.348
7,2.7017114053327593,0.348
7,2.611654358494282,0.348
7,2.6116543584935368,0.348
7,2.611654358490184,0.348
7,2.3414832179650666,0.348
7,2.3414832179550085,0.348
7,2.2514261711128056,0.348
7,2.16136912426427,0.348
7,2.071312077430636,0.348
7,2.071312077428773,0.348
7,2.0713120774246754,0.348
7,2.07131207742393,0.348
7,2.071312077420205,0.348
7,1.9812550305858256,0.348
7,1.9812550305850805,0.348
7,1.981255030574277,0.348
7,1.891197983749956,0.348
7,1.8011409368947149,0.348
7,1.8011409368921072,0.348
7,1.71108389005363,0.348
7,1.7110838900525123,0.348
7,1.7110838900495322,0.348
7,1.6210268432095647,0.348
7,1.6210268432080746,0.348
7,1.6210268432043493,0.348
7,1.621026843201369,0.348
7,1.5309697963636368,0.348
7,1.5309697963625193,0.348
7,1.5309697963602842,0.348
7,1.5309697963602842,0.348
7,1.5309697963576765,0.348
7,1.5309697963561864,0.348
7,1.4409127495195717,0.348
7,1.4409127495195717,0.348
7,1.4409127495184542,0.348
7,1.440912749516964,0.348
7,1.4409127495102585,0.348
7,1.350855702672899,0.348
7,1.350855702672899,0.348
7,1.3508557026721537,0.348
7,1.3508557026721537,0.348
7,1.3508557026714088,0.348
7,1.3508557026699186,0.348
7,1.3508557026691737,0.348
7,1.3508557026676835,0.348
7,1.2607986558280886,0.348
7,1.2607986558273436,0.348
7,1.2607986558265984,0.348
7,1.2607986558258535,0.348
7,1.260798655825481,0.348
7,1.2607986558236182,0.348
7,1.260798655822128,0.348
7,1.1707416089821607,0.348
7,1.1707416089810432,0.348
7,1.170741608980298,0.348
7,1.1707416089799256,0.348
7,1.170741608978808,0.348
7,1.1707416089776903,0.348
7,1.1707416089765728,0.348
7,1.0806845621418208,0.348
7,1.0806845621403307,0.348
7,1.080684562138468,0.348
7,1.080684562137723,0.348
7,1.080684562136978,0.348
7,1.0806845621362329,0.348
7,1.080684562135488,0.348
7,1.080684562135488,0.348
7,1.0806845621343704,0.348
7,1.0806845621310175,0.348
8,6219.793904156405,0.348
8,2363.7400707756515,0.348
8,1100.3169983469024,0.348
8,997.3144718475515,0.348
8,822.9963672469684,0.348
8,810.0631363684403,0.348
8,706.5167167185047,0.348
8,611.0419840918481,0.348
8,542.4135931449476,0.348
8,497.01436071382483,0.348
8,393.90952289871075,0.348
8,322.04399951654955,0.348
8,319.25223106431923,0.348
8,259.09541548637117,0.348
8,221.44480500940827,0.348
8,208.48206344553793,0.348
8,191.37150188574793,0.348
8,188.8534518045742,0.348
8,185.5175165000096,0.348
8,184.69847855212095,0.348
8,162.7372767802261,0.348
8,161.28012154054792,0.348
8,157.59983197820708,0.348
8,154.42839380978944,0.348
8,154.0432470417522,0.348
8,153.81743601072654,0.348
8,148.5949875054922,0.348
8,141.11556783435904,0.348
8,121.64875450669975,0.348
8,121.4895953656964,0.348
8,114.29478580377139,0.348
8,110.95028171254732,0.348
8,106.98777165149265,0.348
8,100.70535632957743,0.348
8,89.86698087102175,0.348
8,87.30120419862718,0.348
8,77.5093712342672,0.348
8,67.81295627407842,0.348
8,64.93113077501208,0.348
8,63.01453042556309,0.348
8,60.99082633931935,0.348
8,60.42827843272649,0.348
8,60.15810729219802,0.348
8,59.971565876454115,0.348
8,59.516027492678916,0.348
8,59.346302156204736,0.348
8,56.105540184198325,0.348
8,52.05297307623849,0.348
8,50.75200744297356,0.348
8,48.00040596825481,0.348
8,45.86671846938506,0.348
8,44.05883947127164,0.348
8,42.59698315755576,0.348
8,42.36469691609219,0.348
8,40.52074982955009,0.348
8,36.29035070616305,0.348
8,32.77813726769835,0.348
8,29.538711364881696,0.348
8,28.638140896657855,0.348
8,26.11654358497709,0.348
8,25.48614425704405,0.348
8,25.38986395621896,0.348
8,23.775060366965086,0.348
8,23.615889837513866,0.348
8,22.154033523817734,0.348
8,21.16340600844957,0.348
8,18.213731906581298,0.348
8,16.93072480678819,0.348
8,16.300325478882343,0.348
8,16.300325478861854,0.348
8,15.759983197825402,0.348
8,15.669926150963455,0.348
8,15.399755010427535,0.348
8,14.04889930778742,0.348
8,13.508557026677579,0.348
8,13.238385886176676,0.348
8,13.05827179247439,0.348
8,12.878157698783278,0.348
8,12.788100651955606,0.348
8,12.788100651920587,0.348
8,12.517929511428997,0.348
8,12.427872464577854,0.348
8,10.896902668187767,0.348
8,10.266503340265528,0.348
8,9.726161059215665,0.348
8,9.63610401237309,0.348
8,9.27587582499087,0.348
8,8.735533543935418,0.348
8,8.645476497089863,0.348
8,8.195191262864695,0.348
8,8.195191262855754,0.348
8,7.294620794413239,0.348
8,6.664221466489137,0.348
8,6.484107372813299,0.348
8,6.394050325971842,0.348
8,6.3039932791370905,0.348
8,6.123879185435176,0.348
8,5.943765091764182,0.348
8,5.853708044908941,0.348
8,5.853708044905961,0.348
8,5.763650998054072,0.348
8,5.403422810682654,0.348
8,5.223308717004582,0.348
8,4.953137576448173,0.348
8,4.863080529613793,0.348
8,4.773023482772708,0.348
8,4.773023482766748,0.348
8,4.773023482766748,0.348
8,4.682966435921565,0.348
8,4.592909389082343,0.348
8,4.502852342229336,0.348
8,4.322738248547167,0.348
8,4.322738248542697,0.348
8,4.232681201706827,0.348
8,4.052567108003423,0.348
8,4.052567107996345,0.348
8,3.962510061154142,0.348
8,3.78239596747607,0.348
8,3.7823959674656393,0.348
8,3.692338920633495,0.348
8,3.6022818737920375,0.348
8,3.6022818737883124,0.348
8,3.4221677800957115,0.348
8,3.4221677800878885,0.348
8,3.3321107332613322,0.348
8,3.3321107332594693,0.348
8,3.3321107332497837,0.348
8,3.2420536864120515,0.348
8,3.242053686411679,0.348
8,3.242053686410189,0.348
8,3.151996639565006,0.348
8,3.1519966395609083,0.348
8,3.0619395927116275,0.348
8,2.97188254586719,0.348
8,2.881825499033183,0.348
8,2.881825499033183,0.348
8,2.791768452193588,0.348
8,2.7917684521842747,0.348
8,2.7017114053465425,0.348
8,2.701711405341327,0.348
8,2.6116543584935368,0.348
8,2.521597311653197,0.348
8,2.521597311646119,0.348
8,2.431540264810622,0.348
8,2.4315402648091315,0.348
8,2.4315402648046613,0.348
8,2.341483217960596,0.348
8,2.341483217957616,0.348
8,2.3414832179572436,0.348
8,2.251426171121374,0.348
8,2.2514261711210013,0.348
8,2.2514261711206287,0.348
8,2.2514261711195114,0.348
8,2.251426171114668,0.348
8,2.2514261711120604,0.348
8,2.161369124276936,0.348
8,2.1613691242724657,0.348
8,2.161369124270976,0.348
8,2.161369124269858,0.348
8,2.161369124266505,0.348
8,2.0713120774302634,0.348
8,2.0713120774284004,0.348
8,1.9812550305835903,0.348
8,1.9812550305824728,0.348
8,1.9812550305813552,0.348
8,1.9812550305813552,0.348
8,1.9812550305739045,0.348
8,1.8911979837451132,0.348
8,1.89119798373729,0.348
8,1.8911979837369175,0.348
8,1.8911979837369175,0.348
8,1.8911979837354274,0.348
8,1.8911979837346824,0.348
8,1.8911979837320745,0.348
8,1.80114093689546,0.348
8,1.8011409368950875,0.348
8,1.8011409368943423,0.348
8,1.8011409368928524,0.348
8,1.8011409368917346,0.348
8,1.8011409368902445,0.348
8,1.7110838900510223,0.348
8,1.7110838900491596,0.348
8,1.7110838900476695,0.348
8,1.7110838900458067,0.348
8,1.6210268432032318,0.348
8,1.6210268432024868,0.348
8,1.621026843201369,0.348
8,1.5309697963617743,0.348
8,1.5309697963606568,0.348
8,1.5309697963591666,0.348
8,1.5309697963539513,0.348
8,1.4409127495139837,0.348
8,1.4409127495132388,0.348
8,1.4409127495121212,0.348
8,1.4409127495117486,0.348
8,1.4409127495110035,0.348
8,1.3508557026721537,0.348
8,1.3508557026710362,0.348
8,1.3508557026706636,0.348
8,1.3508557026706636,0.348
8,1.3508557026699186,0.348
8,1.3508557026680559,0.348
8,1.3508557026676835,0.348
8,1.3508557026658208,0.348
8,1.3508557026647032,0.348
8,1.2607986558288335,0.348
8,1.2607986558280886,0.348
8,1.2607986558273436,0.348
8,1.260798655826971,0.348
8,1.2607986558258535,0.348
8,1.260798655825481,0.348
8,1.2607986558247357,0.348
8,1.2607986558243633,0.348
8,1.2607986558243633,0.348
8,1.2607986558236182,0.348
8,1.2607986558236182,0.348
8,1.2607986558228732,0.348
8,1.260798655819893,0.348
8,1.1707416089832783,0.348
8,1.1707416089810432,0.348
8,1.1707416089806706,0.348
8,1.1707416089769453,0.348
8,1.0806845621392132,0.348
8,1.080684562137723,0.348
8,1.080684562136978,0.348
8,1.0806845621366055,0.348
8,1.0806845621358603,0.348
8,1.080684562135488,0.348
8,1.0806845621343704,0.348
8,1.0806845621343704,0.348
8,1.0806845621339978,0.348
8,1.0806845621339978,0.348
8,1.0806845621325076,0.348
9,7237.981435427706,0.349
9,5167.091553152676,0.349
9,4074.537274528575,0.349
9,1111.8350384688047,0.349
9,897.2530734770824,0.349
9,390.9376403527472,0.349
9,272.0687658132851,0.349
9,215.68331011734008,0.349
9,192.81213729451113,0.349
9,192.4368625538379,0.349
9,150.66543937121406,0.349
9,132.6476027066186,0.349
9,112.12102332168706,0.349
9,96.09086898323,0.349
9,84.11328175293245,0.349
9,82.3049249141276,0.349
9,69.99589200519324,0.349
9,53.40382877890468,0.349
9,47.6386166933747,0.349
9,45.11858046920486,0.349
9,36.20293283156604,0.349
9,30.528715837670678,0.349
9,28.7491415076606,0.349
9,27.55745633451231,0.349
9,23.054603992220017,0.349
9,22.694375804865732,0.349
9,21.523634195882828,0.349
9,17.290952994190903,0.349
9,14.319070448311418,0.349
9,14.138956354599074,0.349
9,12.96821474563554,0.349
9,12.788100651934743,0.349
9,12.247758370874077,0.349
9,10.986959715055676,0.349
9,10.536674480829388,0.349
9,10.176446293459462,0.349
9,9.36593287185058,0.349
9,9.275875825019181,0.349
9,8.915647637622058,0.349
9,8.55541945024766,0.349
9,8.375305356560649,0.349
9,8.285248309709505,0.349
9,8.195191262861341,0.349
9,8.015077169179916,0.349
9,7.834963075484336,0.349
9,7.294620794416219,0.349
9,6.664221466502175,0.349
9,6.574164419665561,0.349
9,6.574164419660345,0.349
9,5.76365099806115,0.349
9,5.49347985752523,0.349
9,5.493479857523367,0.349
9,5.403422810680792,0.349
9,5.313365763831511,0.349
9,5.223308716997132,0.349
9,5.223308716993034,0.349
9,5.043194623307884,0.349
9,4.953137576465309,0.349
9,4.953137576463074,0.349
9,4.953137576449663,0.349
9,4.682966435924173,0.349
9,4.682966435914859,0.349
9,4.592909389071167,0.349
9,4.322738248545677,0.349
9,4.322738248539344,0.349
9,4.322738248534501,0.349
9,4.052567108019814,0.349
9,4.052567108013854,0.349
9,4.052567108012363,0.349
9,4.052567108010129,0.349
9,3.872453014318645,0.349
9,3.7823959674768153,0.349
9,3.7823959674712273,0.349
9,3.692338920630515,0.349
9,3.6022818737871947,0.349
9,3.332110733258352,0.349
9,3.1519966395646337,0.349
9,3.151996639561281,0.349
9,3.061939592719078,0.349
9,3.061939592717588,0.349
9,3.061939592716098,0.349
9,3.061939592709765,0.349
9,2.971882545877621,0.349
9,2.9718825458705425,0.349
9,2.9718825458675626,0.349
9,2.881825499033928,0.349
9,2.7917684521865103,0.349
9,2.791768452182412,0.349
9,2.701711405341327,0.349
9,2.7017114053405824,0.349
9,2.7017114053379747,0.349
9,2.6116543584972622,0.349
9,2.5215973116524517,0.349
9,2.5215973116494714,0.349
9,2.431540264812857,0.349
9,2.431540264803916,0.349
9,2.3414832179594787,0.349
9,2.3414832179587335,0.349
9,2.251426171120256,0.349
9,2.2514261711176484,0.349
9,2.2514261711154133,0.349
9,2.161369124273956,0.349
9,2.161369124273211,0.349
9,2.161369124272093,0.349
9,2.0713120774269105,0.349
9,2.0713120774269105,0.349
9,1.9812550305813552,0.349
9,1.9812550305794925,0.349
9,1.9812550305791201,0.349
9,1.9812550305780023,0.349
9,1.8911979837425055,0.349
9,1.8911979837395252,0.349
9,1.89119798373878,0.349
9,1.801140936896205,0.349
9,1.8011409368932247,0.349
9,1.8011409368928524,0.349
9,1.8011409368917346,0.349
9,1.8011409368913622,0.349
9,1.7110838900499046,0.349
9,1.7110838900472969,0.349
9,1.7110838900469245,0.349
9,1.6210268432050945,0.349
9,1.6210268432043493,0.349
9,1.6210268432039767,0.349
9,1.621026843199879,0.349
9,1.6210268431976438,0.349
9,1.5309697963628919,0.349
9,1.5309697963628919,0.349
9,1.530969796362147,0.349
9,1.5309697963614017,0.349
9,1.5309697963599116,0.349
9,1.5309697963591666,0.349
9,1.530969796358049,0.349
9,1.5309697963576765,0.349
9,1.530969796356559,0.349
9,1.4409127495184542,0.349
9,1.440912749516964,0.349
9,1.4409127495154739,0.349
9,1.4409127495154739,0.349
9,1.4409127495139837,0.349
9,1.4409127495132388,0.349
9,1.4409127495128662,0.349
9,1.4409127495117486,0.349
9,1.3508557026777417,0.349
9,1.3508557026721537,0.349
9,1.3508557026706636,0.349
9,1.3508557026699186,0.349
9,1.3508557026676835,0.349
9,1.3508557026669383,0.349
9,1.2607986558280886,0.349
9,1.2607986558228732,0.349
9,1.260798655822128,0.349
9,1.260798655819148,0.349
9,1.1707416089832783,0.349
9,1.1707416089814158,0.349
9,1.1707416089799256,0.349
9,1.170741608979553,0.349
9,1.0806845621410759,0.349
9,1.0806845621392132,0.349
9,1.080684562137723,0.349
9,1.080684562136978,0.349
9,1.0806845621351153,0.349
9,1.0806845621347427,0.349
9,1.0806845621332526,0.349
9,1.0806845621332526,0.349
10,6985.2085548986915,0.348
10,5359.3456839568225,0.348
10,1895.315888367903,0.348
10,695.3580080070996,0.348
10,583.1305929510474,0.348
10,296.81789216022975,0.348
10,287.170344430434,0.348
10,273.95353650145756,0.348
10,271.71244573723527,0.348
10,268.07035134638886,0.348
10,214.24921607223527,0.348
10,192.62852157169954,0.348
10,178.85070140088902,0.348
10,176.68830870062575,0.348
10,136.59203234190196,0.348
10,127.89089454651476,0.348
10,120.88992798925118,0.348
10,114.98826529631019,0.348
10,114.44132517160774,0.348
10,113.28084408817553,0.348
10,104.33284011714869,0.348
10,103.21217153763176,0.348
10,103.1153186372608,0.348
10,99.0587750887096,0.348
10,92.21841596895717,0.348
10,91.04767435993516,0.348
10,79.88060055119098,0.348
10,72.67603680355624,0.348
10,72.22575156941862,0.348
10,71.05204785959126,0.348
10,69.07052599039525,0.348
10,68.36271076593697,0.348
10,66.55215761824623,0.348
10,64.30073144707903,0.348
10,63.30847902268768,0.348
10,61.32519537125826,0.348
10,59.25753682381846,0.348
10,59.14815132197142,0.348
10,51.15240260778778,0.348
10,49.261204624016216,0.348
10,48.90097643669024,0.348
10,48.08219989708364,0.348
10,47.64017778081,0.348
10,47.27568556875549,0.348
10,46.82966435921937,0.348
10,46.37937912497372,0.348
10,41.33618450163454,0.348
10,38.541131020081046,0.348
10,37.28361739372611,0.348
10,34.852077128877866,0.348
10,32.51059391089306,0.348
10,31.429909348782527,0.348
10,29.538711365021022,0.348
10,29.088426130769403,0.348
10,28.36576292512119,0.348
10,27.85530910043344,0.348
10,27.827627475013212,0.348
10,27.377342240778358,0.348
10,26.90328356871754,0.348
10,25.21597311653197,0.348
10,22.6043187580321,0.348
10,21.1634060085278,0.348
10,20.08272144639306,0.348
10,18.911979837362097,0.348
10,18.39321551362276,0.348
10,17.520957157266885,0.348
10,15.669926150965692,0.348
10,15.319421055585147,0.348
10,14.769355682529138,0.348
10,13.958842260900886,0.348
10,13.328442933003606,0.348
10,13.328442933000252,0.348
10,12.968214745635168,0.348
10,9.455989918674156,0.348
10,9.275875824991614,0.348
10,9.185818778144569,0.348
10,8.915647637631745,0.348
10,8.735533543939889,0.348
10,8.465362403402478,0.348
10,8.465362403395773,0.348
10,8.465362403390184,0.348
10,8.01507716918476,0.348
10,7.834963075482846,0.348
10,7.6548489818073815,0.348
10,7.6548489817962055,0.348
10,7.474734888102114,0.348
10,6.844335560191795,0.348
10,6.664221466499567,0.348
10,6.1238791854362935,0.348
10,6.033822138590366,0.348
10,5.673593951212243,0.348
10,5.583536904378608,0.348
10,5.583536904367805,0.348
10,5.493479857531563,0.348
10,5.493479857513681,0.348
10,5.313365763832629,0.348
10,4.953137576471642,0.348
10,4.953137576461583,0.348
10,4.592909389083088,0.348
10,4.502852342234925,0.348
10,4.1426241548560565,0.348
10,4.142624154854938,0.348
10,4.052567108020186,0.348
10,4.052567108006403,0.348
10,3.9625100611619652,0.348
10,3.9625100611563773,0.348
10,3.872453014321998,0.348
10,3.872453014315665,0.348
10,3.6022818737939,0.348
10,3.5122248269427567,0.348
10,3.42216778010428,0.348
10,3.422167780096084,0.348
10,3.1519966395676136,0.348
10,3.1519966395646337,0.348
10,3.151996639560163,0.348
10,3.0619395927213136,0.348
10,3.061939592717588,0.348
10,3.061939592715353,0.348
10,3.0619395927079025,0.348
10,2.9718825458817184,0.348
10,2.9718825458791107,0.348
10,2.9718825458705425,0.348
10,2.881825499027595,0.348
10,2.7917684521853925,0.348
10,2.7917684521846473,0.348
10,2.7917684521820396,0.348
10,2.791768452177942,0.348
10,2.6116543584961445,0.348
10,2.5215973116524517,0.348
10,2.5215973116468637,0.348
10,2.431540264808014,0.348
10,2.3414832179635763,0.348
10,2.341483217958361,0.348
10,2.2514261711224917,0.348
10,2.251426171118021,0.348
10,2.251426171114296,0.348
10,2.1613691242758186,0.348
10,2.1613691242743283,0.348
10,2.1613691242735835,0.348
10,2.1613691242724657,0.348
10,2.161369124270976,0.348
10,2.1613691242706032,0.348
10,2.071312077432126,0.348
10,2.0713120774310085,0.348
10,2.0713120774276557,0.348
10,1.9812550305850805,0.348
10,1.981255030583963,0.348
10,1.9812550305828454,0.348
10,1.8911979837410153,0.348
10,1.8911979837402701,0.348
10,1.8911979837395252,0.348
10,1.8911979837384076,0.348
10,1.89119798373729,0.348
10,1.8911979837369175,0.348
10,1.8011409368991853,0.348
10,1.80114093689397,0.348
10,1.71108389005214,0.348
10,1.7110838900506498,0.348
10,1.7110838900491596,0.348
10,1.7110838900484147,0.348
10,1.7110838900484147,0.348
10,1.7110838900443168,0.348
10,1.6210268432088197,0.348
10,1.6210268432058395,0.348
10,1.6210268432058395,0.348
10,1.6210268432032318,0.348
10,1.6210268432017416,0.348
10,1.5309697963669897,0.348
10,1.5309697963647546,0.348
10,1.5309697963625193,0.348
10,1.5309697963617743,0.348
10,1.5309697963584215,0.348
10,1.530969796357304,0.348
10,1.4409127495154739,0.348
10,1.4409127495143563,0.348
10,1.4409127495139837,0.348
10,1.4409127495139837,0.348
10,1.4409127495132388,0.348
10,1.4409127495128662,0.348
10,1.350855702672899,0.348
10,1.3508557026717813,0.348
10,1.3508557026699186,0.348
10,1.3508557026669383,0.348
10,1.2607986558280886,0.348
10,1.260798655826971,0.348
10,1.2607986558265984,0.348
10,1.2607986558265984,0.348
10,1.260798655822128,0.348
10,1.260798655822128,0.348
10,1.1707416089825333,0.348
10,1.1707416089814158,0.348
10,1.1707416089806706,0.348
10,1.170741608980298,0.348
10,1.170741608980298,0.348
10,1.170741608979553,0.348
10,1.170741608978808,0.348
10,1.170741608978808,0.348
10,1.170741608977318,0.348
10,1.080684562137723,0.348
10,1.0806845621373504,0.348
10,1.080684562136978,0.348
10,1.0806845621362329,0.348
10,1.0806845621362329,0.348
10,1.0806845621358603,0.348
10,1.0806845621351153,0.348
10,1.0806845621347427,0.348
10,1.0806845621339978,0.348
